{
  "position_statement": "We study query performance prediction and adaptive routing in domain-specific information retrieval, using mental health as a challenging test case. Our focus is on predicting retrieval difficulty and optimizing cost-quality tradeoffs, not on clinical outcomes or therapeutic effectiveness.",
  "contributions": {
    "qpp": "Dual-predictor architecture with post-retrieval dispersion and complementarity features",
    "safety": "Integrates risk detection into routing decisions with crisis fallback",
    "calibration": "Global isotonic calibration for multi-tier retrieval systems",
    "dense_model_comparison": {},
    "efficiency": "Pareto-optimal threshold selection via grid search"
  },
  "retrieval": {
    "sparse": {
      "mean_ndcg@10": 0.2989969091734711,
      "mean_ndcg@10_ci_low": 0.27623797815963985,
      "mean_ndcg@10_ci_high": 0.3227716702581053,
      "precision@10": 0.09242262540021345,
      "recall@10": 0.2744083276148254,
      "zero_rate": 0.5208110992529349
    },
    "dense": {
      "mean_ndcg@10": 0.7089754220460828,
      "mean_ndcg@10_ci_low": 0.6878472225141311,
      "mean_ndcg@10_ci_high": 0.7282105284314366,
      "precision@10": 0.224119530416222,
      "recall@10": 0.7408967083053436,
      "zero_rate": 0.1056563500533618
    },
    "hybrid": {
      "mean_ndcg@10": 0.4755633093172321,
      "mean_ndcg@10_ci_low": 0.452718061200633,
      "mean_ndcg@10_ci_high": 0.49928679148342087,
      "precision@10": 0.15880469583778017,
      "recall@10": 0.49679297230703806,
      "zero_rate": 0.288153681963714
    },
    "hybrid_verified": {
      "mean_ndcg@10": 0.474374460161081,
      "mean_ndcg@10_ci_low": 0.44938781002913375,
      "mean_ndcg@10_ci_high": 0.4978989182162813,
      "precision@10": 0.15635005336179297,
      "recall@10": 0.5143254928078944,
      "zero_rate": 0.28175026680896476
    }
  },
  "predictor": {
    "hybrid": {
      "rmse_raw": 0.2834797930355514,
      "mae_raw": 0.22395031437397933,
      "rmse_cal": 0.27501358237198964,
      "mae_cal": 0.22279769930762486,
      "pearson_raw": 0.6655692862110569,
      "pearson_cal": 0.6860761638716986,
      "spearman_raw": 0.6470342325923015,
      "spearman_cal": 0.6556927968785439,
      "pearson_raw_ci_low": 0.6243923584608914,
      "pearson_raw_ci_high": 0.7013608689416797,
      "pearson_cal_ci_low": 0.6489458682160264,
      "pearson_cal_ci_high": 0.7210501535623667,
      "spearman_raw_ci_low": 0.6095066454847394,
      "spearman_raw_ci_high": 0.6836373049753521,
      "spearman_cal_ci_low": 0.6218528627401421,
      "spearman_cal_ci_high": 0.6944029205276002
    },
    "sparse": {
      "rmse_raw": 0.2027389351349537,
      "mae_raw": 0.13947527262396672,
      "rmse_cal": 0.19602105201390485,
      "mae_cal": 0.13180676382169332,
      "pearson_raw": 0.8298466235786797,
      "pearson_cal": 0.8415055128215005,
      "spearman_raw": 0.7315375810732541,
      "spearman_cal": 0.7466482953429228,
      "pearson_raw_ci_low": 0.8040981731653541,
      "pearson_raw_ci_high": 0.8534675695525737,
      "pearson_cal_ci_low": 0.8160881252730147,
      "pearson_cal_ci_high": 0.8639947174501528,
      "spearman_raw_ci_low": 0.6868389334188011,
      "spearman_raw_ci_high": 0.755776350634504,
      "spearman_cal_ci_low": 0.6932691264729051,
      "spearman_cal_ci_high": 0.7871975410193804
    }
  },
  "routing": {
    "single": {
      "avg_cost": 6.514469453376206,
      "avg_ndcg@10_auto": 0.5258683547339074,
      "avg_ndcg@10_overall": 0.5236234524725032,
      "efficiency": 0.08072312849074294,
      "avg_cost_overall": 6.488794023479189,
      "efficiency_overall": 0.08069657483005518,
      "auto_ratio": 0.9957310565635006,
      "crisis_ratio": 0.004268943436499467,
      "human_review_ratio": 0.0
    },
    "dual": {
      "avg_cost": 7.308351177730192,
      "avg_ndcg@10_auto": 0.5676998183531888,
      "avg_ndcg@10_overall": 0.5658822095430932,
      "efficiency": 0.07767823474097252,
      "avg_cost_overall": 7.286552828175027,
      "efficiency_overall": 0.07766116885271011,
      "auto_ratio": 0.9967982924226254,
      "crisis_ratio": 0.0032017075773745998,
      "human_review_ratio": 0.0
    },
    "always_sparse": {
      "avg_cost": 1.0,
      "avg_ndcg@10": 0.2989969091734711,
      "avg_ndcg@10_ci_low": 0.27623797815963985,
      "avg_ndcg@10_ci_high": 0.3227716702581053,
      "efficiency": 0.2989969091734711,
      "auto_ratio": 1.0
    },
    "always_hybrid": {
      "avg_cost": 4.0,
      "avg_ndcg@10": 0.4755633093172321,
      "avg_ndcg@10_ci_low": 0.452718061200633,
      "avg_ndcg@10_ci_high": 0.49928679148342087,
      "efficiency": 0.11889082732930803,
      "auto_ratio": 1.0
    },
    "always_hybrid_verified": {
      "avg_cost": 10.0,
      "avg_ndcg@10": 0.474374460161081,
      "avg_ndcg@10_ci_low": 0.44938781002913375,
      "avg_ndcg@10_ci_high": 0.4978989182162813,
      "efficiency": 0.047437446016108095,
      "auto_ratio": 1.0
    }
  },
  "crisis": {
    "enabled": true,
    "user_country": "US",
    "crisis_outputs_json": "paper_experiments/runs/exp2_rrf_equal/crisis_fallbacks.json",
    "crisis_docs_count": 60
  },
  "routing_sweep": {},
  "baselines": {
    "SCQ": {
      "pearson": 0.1805903157913189,
      "pearson_ci_low": 0.11663892294666635,
      "pearson_ci_high": 0.24827557890296464,
      "spearman": 0.18134493773640628,
      "spearman_ci_low": 0.11821445295307975,
      "spearman_ci_high": 0.2465815697626893
    },
    "Clarity": {
      "pearson": 0.1510952140507623,
      "pearson_ci_low": 0.08846660113475988,
      "pearson_ci_high": 0.21672842635452502,
      "spearman": 0.1669405940380311,
      "spearman_ci_low": 0.09064011913820372,
      "spearman_ci_high": 0.21464707808080996
    },
    "WIG": {
      "pearson": -0.08788395966595583,
      "pearson_ci_low": -0.15284223999558572,
      "pearson_ci_high": -0.02196843441453125,
      "spearman": -0.12746316560091872,
      "spearman_ci_low": -0.17107274700827088,
      "spearman_ci_high": -0.048614979070425966
    },
    "NQC": {
      "pearson": 0.36998027657932486,
      "pearson_ci_low": 0.32584936752196775,
      "pearson_ci_high": 0.41192252055238066,
      "spearman": 0.3629246516079694,
      "spearman_ci_low": 0.3015654400806084,
      "spearman_ci_high": 0.4120348106710984
    },
    "NQC_2012": {
      "pearson": 0.36998027658164373,
      "pearson_ci_low": 0.32584936752419086,
      "pearson_ci_high": 0.411922520554862,
      "spearman": 0.3629246516079694,
      "spearman_ci_low": 0.3015654400806084,
      "spearman_ci_high": 0.4120348106710984
    },
    "SMV_2006": {
      "pearson": 0.07450158229699225,
      "pearson_ci_low": 0.008957293858450765,
      "pearson_ci_high": 0.1354086108539599,
      "spearman": 0.04323638472000186,
      "spearman_ci_low": -0.006805268534011427,
      "spearman_ci_high": 0.11828246145105688
    },
    "RSD_2012": {
      "pearson": -0.3015613049998691,
      "pearson_ci_low": -0.3513218291930765,
      "pearson_ci_high": -0.26182959654587445,
      "spearman": -0.3536770537638663,
      "spearman_ci_low": -0.4046106853000879,
      "spearman_ci_high": -0.29011139256046
    },
    "QF_2007": {
      "pearson": 0.3564588301227695,
      "pearson_ci_low": 0.3101064581990015,
      "pearson_ci_high": 0.4041458474043917,
      "spearman": 0.3573852184653568,
      "spearman_ci_low": 0.2937371865034778,
      "spearman_ci_high": 0.40653904049247247
    },
    "AutoCorr_2010": {
      "pearson": -0.2915920601346269,
      "pearson_ci_low": -0.33980488530283887,
      "pearson_ci_high": -0.24268640219676021,
      "spearman": -0.2532624765975091,
      "spearman_ci_low": -0.3078715846891711,
      "spearman_ci_high": -0.19009519964417307
    },
    "NQCDIST_NQC_2017": {
      "pearson": 0.36998027658164373,
      "pearson_ci_low": 0.32584936752419086,
      "pearson_ci_high": 0.411922520554862,
      "spearman": 0.3629246516079694,
      "spearman_ci_low": 0.3015654400806084,