{
  "position_statement": "We study query performance prediction and adaptive routing in domain-specific information retrieval, using mental health as a challenging test case. Our focus is on predicting retrieval difficulty and optimizing cost-quality tradeoffs, not on clinical outcomes or therapeutic effectiveness.",
  "contributions": {
    "qpp": "Dual-predictor architecture with post-retrieval dispersion and complementarity features",
    "safety": "Integrates risk detection into routing decisions with crisis fallback",
    "calibration": "Global isotonic calibration for multi-tier retrieval systems",
    "dense_model_comparison": {},
    "efficiency": "Pareto-optimal threshold selection via grid search"
  },
  "retrieval": {
    "sparse": {
      "mean_ndcg@10": 0.43025506299823313,
      "mean_ndcg@10_ci_low": 0.39017669367643604,
      "mean_ndcg@10_ci_high": 0.46691561451406316,
      "precision@10": 0.22260061919504645,
      "recall@10": 0.15203814212956496,
      "zero_rate": 0.3065015479876161
    },
    "dense": {
      "mean_ndcg@10": 0.4114756403070819,
      "mean_ndcg@10_ci_low": 0.3760043722206219,
      "mean_ndcg@10_ci_high": 0.4477801870249769,
      "precision@10": 0.24427244582043345,
      "recall@10": 0.14829136047429423,
      "zero_rate": 0.32507739938080493
    },
    "hybrid": {
      "mean_ndcg@10": 0.43445396661386304,
      "mean_ndcg@10_ci_low": 0.39869359055737524,
      "mean_ndcg@10_ci_high": 0.47249448685815876,
      "precision@10": 0.25046439628482975,
      "recall@10": 0.16340406339416977,
      "zero_rate": 0.29411764705882354
    },
    "hybrid_verified": {
      "mean_ndcg@10": 0.5028889144396722,
      "mean_ndcg@10_ci_low": 0.46242814815483835,
      "mean_ndcg@10_ci_high": 0.5422700303583129,
      "precision@10": 0.2594427244582044,
      "recall@10": 0.17262565808627373,
      "zero_rate": 0.28173374613003094
    }
  },
  "predictor": {
    "hybrid": {
      "rmse_raw": 0.30225977807317567,
      "mae_raw": 0.24122709864737704,
      "rmse_cal": 0.2900521545064407,
      "mae_cal": 0.23400026811716487,
      "pearson_raw": 0.5594387279565428,
      "pearson_cal": 0.5908312771520027,
      "spearman_raw": 0.5579649607109561,
      "spearman_cal": 0.5826522828811158,
      "pearson_raw_ci_low": 0.48431044874826984,
      "pearson_raw_ci_high": 0.6297274814393256,
      "pearson_cal_ci_low": 0.5178019250685806,
      "pearson_cal_ci_high": 0.654407753048377,
      "spearman_raw_ci_low": 0.4704576694649382,
      "spearman_raw_ci_high": 0.626402687950339,
      "spearman_cal_ci_low": 0.49834005303112855,
      "spearman_cal_ci_high": 0.6460125608850201
    },
    "sparse": {
      "rmse_raw": 0.29421942535206763,
      "mae_raw": 0.22728209594111443,
      "rmse_cal": 0.28359572996755916,
      "mae_cal": 0.22151353149777533,
      "pearson_raw": 0.6438869533475869,
      "pearson_cal": 0.666405548216217,
      "spearman_raw": 0.6320340493176676,
      "spearman_cal": 0.6493702998616178,
      "pearson_raw_ci_low": 0.5691458523061425,
      "pearson_raw_ci_high": 0.7075584721398358,
      "pearson_cal_ci_low": 0.5983872779872856,
      "pearson_cal_ci_high": 0.7232043551050409,
      "spearman_raw_ci_low": 0.5499781885802886,
      "spearman_raw_ci_high": 0.695516026140942,
      "spearman_cal_ci_low": 0.57010121745113,
      "spearman_cal_ci_high": 0.7082282646086657
    }
  },
  "routing": {
    "single": {
      "avg_cost": 7.241486068111455,
      "avg_ndcg@10_auto": 0.48733778443570974,
      "avg_ndcg@10_overall": 0.48733778443570974,
      "efficiency": 0.06729803521707321,
      "avg_cost_overall": 7.241486068111455,
      "efficiency_overall": 0.06729803521707321,
      "auto_ratio": 1.0,
      "crisis_ratio": 0.0,
      "human_review_ratio": 0.0
    },
    "dual": {
      "avg_cost": 6.182662538699691,
      "avg_ndcg@10_auto": 0.5201293637288829,
      "avg_ndcg@10_overall": 0.5201293637288829,
      "efficiency": 0.08412708286651435,
      "avg_cost_overall": 6.182662538699691,
      "efficiency_overall": 0.08412708286651435,
      "auto_ratio": 1.0,
      "crisis_ratio": 0.0,
      "human_review_ratio": 0.0
    },
    "always_sparse": {
      "avg_cost": 1.0,
      "avg_ndcg@10": 0.43025506299823313,
      "avg_ndcg@10_ci_low": 0.39017669367643604,
      "avg_ndcg@10_ci_high": 0.46691561451406316,
      "efficiency": 0.43025506299823313,
      "auto_ratio": 1.0
    },
    "always_hybrid": {
      "avg_cost": 4.0,
      "avg_ndcg@10": 0.43445396661386304,
      "avg_ndcg@10_ci_low": 0.39869359055737524,
      "avg_ndcg@10_ci_high": 0.47249448685815876,
      "efficiency": 0.10861349165346576,
      "auto_ratio": 1.0
    },
    "always_hybrid_verified": {
      "avg_cost": 10.0,
      "avg_ndcg@10": 0.5028889144396722,
      "avg_ndcg@10_ci_low": 0.46242814815483835,
      "avg_ndcg@10_ci_high": 0.5422700303583129,
      "efficiency": 0.05028889144396722,
      "auto_ratio": 1.0
    }
  },
  "crisis": {
    "enabled": true,
    "user_country": "US",
    "crisis_outputs_json": null,
    "crisis_docs_count": 60
  },
  "routing_sweep": {},
  "baselines": {
    "SCQ": {
      "pearson": 0.36541011988111644,
      "pearson_ci_low": 0.2628203712672909,
      "pearson_ci_high": 0.46050716876487735,
      "spearman": 0.3428869132193941,
      "spearman_ci_low": 0.23308802163123066,
      "spearman_ci_high": 0.4455662636272409
    },
    "Clarity": {
      "pearson": -0.32181059322735384,
      "pearson_ci_low": -0.3977413909997454,
      "pearson_ci_high": -0.24336421363938268,
      "spearman": -0.13287374446346042,
      "spearman_ci_low": -0.24829229937589076,
      "spearman_ci_high": -0.02734946381298516
    },
    "WIG": {
      "pearson": 0.04632145905687853,
      "pearson_ci_low": -0.06764996986723619,
      "pearson_ci_high": 0.15015361310496775,
      "spearman": 0.07587845715453738,
      "spearman_ci_low": -0.03413654554117604,
      "spearman_ci_high": 0.19319467680283406
    },
    "NQC": {
      "pearson": 0.19717869583062614,
      "pearson_ci_low": 0.07268630001929771,
      "pearson_ci_high": 0.31272924460717555,
      "spearman": 0.31571184283527803,
      "spearman_ci_low": 0.2062401937637501,
      "spearman_ci_high": 0.4287685058767977
    },
    "NQC_2012": {
      "pearson": 0.19717869588718162,
      "pearson_ci_low": 0.07268630004015493,
      "pearson_ci_high": 0.3127292446833792,
      "spearman": 0.31629905966963445,
      "spearman_ci_low": 0.20733672950492174,
      "spearman_ci_high": 0.42915216429821357
    },
    "SMV_2006": {
      "pearson": 0.35229045997139274,
      "pearson_ci_low": 0.2725964101435239,
      "pearson_ci_high": 0.4344852916915207,
      "spearman": 0.3585206266590033,
      "spearman_ci_low": 0.27358938871760247,
      "spearman_ci_high": 0.4693391887647508
    },
    "RSD_2012": {
      "pearson": 0.07495583052265253,
      "pearson_ci_low": -0.048427423386639766,
      "pearson_ci_high": 0.1870357199781814,
      "spearman": -0.06530534919281722,
      "spearman_ci_low": -0.1797183709486846,
      "spearman_ci_high": 0.052662159448066036
    },
    "QF_2007": {
      "pearson": 0.24835012717139412,
      "pearson_ci_low": 0.1282041284229715,
      "pearson_ci_high": 0.3630519987807923,
      "spearman": 0.3721822316518777,
      "spearman_ci_low": 0.25804685591500776,
      "spearman_ci_high": 0.47698157193210367
    },
    "AutoCorr_2010": {
      "pearson": 0.17570546248101868,
      "pearson_ci_low": 0.06140554938897761,
      "pearson_ci_high": 0.28296123356043923,
      "spearman": 0.09953022653251486,
      "spearman_ci_low": -0.02448014039076093,
      "spearman_ci_high": 0.20034700633368016
    },
    "NQCDIST_NQC_2017": {
      "pearson": 0.19717869588718162,
      "pearson_ci_low": 0.07268630004015493,
      "pearson_ci_high": 0.3127292446833792,
      "spearman": 0.31629905966963445,
      "spearman_ci_low": 0.20733672950492174,
      "spearman_ci_high": 0.42915216429821357
    },