{
  "position_statement": "We study query performance prediction and adaptive routing in domain-specific information retrieval, using mental health as a challenging test case. Our focus is on predicting retrieval difficulty and optimizing cost-quality tradeoffs, not on clinical outcomes or therapeutic effectiveness.",
  "contributions": {
    "qpp": "Dual-predictor architecture with post-retrieval dispersion and complementarity features",
    "safety": "Integrates risk detection into routing decisions with crisis fallback",
    "calibration": "Global isotonic calibration for multi-tier retrieval systems",
    "dense_model_comparison": {},
    "efficiency": "Pareto-optimal threshold selection via grid search"
  },
  "retrieval": {
    "sparse": {
      "mean_ndcg@10": 0.3095976525381374,
      "mean_ndcg@10_ci_low": 0.2864181898514914,
      "mean_ndcg@10_ci_high": 0.33352324297268526,
      "precision@10": 0.09242262540021345,
      "recall@10": 0.2744083276148254,
      "zero_rate": 0.5208110992529349
    },
    "dense": {
      "mean_ndcg@10": 0.7089754220460828,
      "mean_ndcg@10_ci_low": 0.6878472225141311,
      "mean_ndcg@10_ci_high": 0.7282105284314366,
      "precision@10": 0.224119530416222,
      "recall@10": 0.7408967083053436,
      "zero_rate": 0.1056563500533618
    },
    "hybrid": {
      "mean_ndcg@10": 0.6409604277710217,
      "mean_ndcg@10_ci_low": 0.6220544701191779,
      "mean_ndcg@10_ci_high": 0.6603620516426877,
      "precision@10": 0.2163287086446105,
      "recall@10": 0.7273095896049554,
      "zero_rate": 0.10885805763073639
    },
    "hybrid_verified": {
      "mean_ndcg@10": 0.46215850940414116,
      "mean_ndcg@10_ci_low": 0.43748234366174854,
      "mean_ndcg@10_ci_high": 0.48582232867689096,
      "precision@10": 0.1538954108858058,
      "recall@10": 0.5039441443449024,
      "zero_rate": 0.2934898612593383
    }
  },
  "predictor": {
    "hybrid": {
      "rmse_raw": 0.2780075740119445,
      "mae_raw": 0.21906016346845616,
      "rmse_cal": 0.26864506802189414,
      "mae_cal": 0.21410171607041265,
      "pearson_raw": 0.5421025377569487,
      "pearson_cal": 0.5667869418122514,
      "spearman_raw": 0.536390446818297,
      "spearman_cal": 0.5479120400670602,
      "pearson_raw_ci_low": 0.494985201461616,
      "pearson_raw_ci_high": 0.5888882209693747,
      "pearson_cal_ci_low": 0.5200692900975978,
      "pearson_cal_ci_high": 0.6118670594992975,
      "spearman_raw_ci_low": 0.48717288770182665,
      "spearman_raw_ci_high": 0.583797913659213,
      "spearman_cal_ci_low": 0.500411211968819,
      "spearman_cal_ci_high": 0.595593764672597
    },
    "sparse": {
      "rmse_raw": 0.20630951544123133,
      "mae_raw": 0.14086685366100374,
      "rmse_cal": 0.19921604760908931,
      "mae_cal": 0.1328688787741294,
      "pearson_raw": 0.8319331446186531,
      "pearson_cal": 0.8439036551317639,
      "spearman_raw": 0.7243260225547299,
      "spearman_cal": 0.7280441063473607,
      "pearson_raw_ci_low": 0.8070328328157323,
      "pearson_raw_ci_high": 0.8553872295295756,
      "pearson_cal_ci_low": 0.8195787634628754,
      "pearson_cal_ci_high": 0.8664967338749481,
      "spearman_raw_ci_low": 0.6850749926321575,
      "spearman_raw_ci_high": 0.7544026812295264,
      "spearman_cal_ci_low": 0.6940659423804665,
      "spearman_cal_ci_high": 0.7622864197227242
    }
  },
  "routing": {
    "single": {
      "avg_cost": 5.7312633832976445,
      "avg_ndcg@10_auto": 0.6069767342926327,
      "avg_ndcg@10_overall": 0.6050333722831579,
      "efficiency": 0.10590627121788136,
      "avg_cost_overall": 5.714514407684098,
      "efficiency_overall": 0.10587660282553346,
      "auto_ratio": 0.9967982924226254,
      "crisis_ratio": 0.0032017075773745998,
      "human_review_ratio": 0.0
    },
    "dual": {
      "avg_cost": 5.785867237687366,
      "avg_ndcg@10_auto": 0.6377655119673462,
      "avg_ndcg@10_overall": 0.6357235732950921,
      "efficiency": 0.11022816213499284,
      "avg_cost_overall": 5.768943436499466,
      "efficiency_overall": 0.11019757435528653,
      "auto_ratio": 0.9967982924226254,
      "crisis_ratio": 0.0032017075773745998,
      "human_review_ratio": 0.0
    },
    "always_sparse": {
      "avg_cost": 1.0,
      "avg_ndcg@10": 0.3095976525381374,
      "avg_ndcg@10_ci_low": 0.2864181898514914,
      "avg_ndcg@10_ci_high": 0.33352324297268526,
      "efficiency": 0.3095976525381374,
      "auto_ratio": 1.0
    },
    "always_hybrid": {
      "avg_cost": 4.0,
      "avg_ndcg@10": 0.6409604277710217,
      "avg_ndcg@10_ci_low": 0.6220544701191779,
      "avg_ndcg@10_ci_high": 0.6603620516426877,
      "efficiency": 0.16024010694275542,
      "auto_ratio": 1.0
    },
    "always_hybrid_verified": {
      "avg_cost": 10.0,
      "avg_ndcg@10": 0.46215850940414116,
      "avg_ndcg@10_ci_low": 0.43748234366174854,
      "avg_ndcg@10_ci_high": 0.48582232867689096,
      "efficiency": 0.04621585094041412,
      "auto_ratio": 1.0
    }
  },
  "crisis": {
    "enabled": true,
    "user_country": "US",
    "crisis_outputs_json": "paper_experiments/runs/exp3_rrf_downweight/crisis_fallbacks.json",
    "crisis_docs_count": 60
  },
  "routing_sweep": {},
  "baselines": {
    "SCQ": {
      "pearson": 0.1279851824198033,
      "pearson_ci_low": 0.06465990773201351,
      "pearson_ci_high": 0.18857085055123868,
      "spearman": 0.15158031251788723,
      "spearman_ci_low": 0.09450087191728507,
      "spearman_ci_high": 0.21853828757510727
    },
    "Clarity": {
      "pearson": 0.1522896263112019,
      "pearson_ci_low": 0.08953285051731465,
      "pearson_ci_high": 0.21311300561002475,
      "spearman": 0.15510644731005047,
      "spearman_ci_low": 0.09448801794211885,
      "spearman_ci_high": 0.22139833570487139
    },
    "WIG": {
      "pearson": -0.06304284683389835,
      "pearson_ci_low": -0.13459528937289753,
      "pearson_ci_high": 0.009091857809892221,
      "spearman": -0.04046421754970793,
      "spearman_ci_low": -0.11578829103220221,
      "spearman_ci_high": 0.017709137253789888
    },
    "NQC": {
      "pearson": 0.28886490709404916,
      "pearson_ci_low": 0.24627421466121036,
      "pearson_ci_high": 0.32947688692511484,
      "spearman": 0.26566567283208203,
      "spearman_ci_low": 0.21627801078403594,
      "spearman_ci_high": 0.33267727078774567
    },
    "NQC_2012": {
      "pearson": 0.28886490709576823,
      "pearson_ci_low": 0.24627421466310126,
      "pearson_ci_high": 0.32947688692584354,
      "spearman": 0.26566567283208203,
      "spearman_ci_low": 0.21627801078403594,
      "spearman_ci_high": 0.33267727078774567
    },
    "SMV_2006": {
      "pearson": 0.05761072815170414,
      "pearson_ci_low": -0.01349495002012443,
      "pearson_ci_high": 0.12051851532129622,
      "spearman": 0.08413699851919641,
      "spearman_ci_low": 0.011825906588884657,
      "spearman_ci_high": 0.14065009001283474
    },
    "RSD_2012": {
      "pearson": -0.22600076938290378,
      "pearson_ci_low": -0.26964670939365604,
      "pearson_ci_high": -0.1843486644119518,
      "spearman": -0.2422366482760883,
      "spearman_ci_low": -0.3141578969502121,
      "spearman_ci_high": -0.1924392785331555
    },
    "QF_2007": {
      "pearson": 0.26941810089384766,
      "pearson_ci_low": 0.2219475829955353,
      "pearson_ci_high": 0.3180629194510803,
      "spearman": 0.24778181406990413,
      "spearman_ci_low": 0.19658284866903597,
      "spearman_ci_high": 0.3198446668868706
    },
    "AutoCorr_2010": {
      "pearson": -0.23431452895749902,
      "pearson_ci_low": -0.2825227456767682,
      "pearson_ci_high": -0.18805318223801207,
      "spearman": -0.20686267490931476,
      "spearman_ci_low": -0.2695169809589043,
      "spearman_ci_high": -0.1511812693046665
    },
    "NQCDIST_NQC_2017": {
      "pearson": 0.28886490709576823,
      "pearson_ci_low": 0.24627421466310126,
      "pearson_ci_high": 0.32947688692584354,
      "spearman": 0.26566567283208203,