{
  "position_statement": "We study query performance prediction and adaptive routing in domain-specific information retrieval, using mental health as a challenging test case. Our focus is on predicting retrieval difficulty and optimizing cost-quality tradeoffs, not on clinical outcomes or therapeutic effectiveness.",
  "contributions": {
    "qpp": "Dual-predictor architecture with post-retrieval dispersion and complementarity features",
    "safety": "Integrates risk detection into routing decisions with crisis fallback",
    "calibration": "Global isotonic calibration for multi-tier retrieval systems",
    "dense_model_comparison": {},
    "efficiency": "Pareto-optimal threshold selection via grid search"
  },
  "retrieval": {
    "sparse": {
      "mean_ndcg@10": 0.5455776263328269,
      "mean_ndcg@10_ci_low": 0.5315787531305572,
      "mean_ndcg@10_ci_high": 0.560507586400737,
      "precision@10": 0.07039999999999999,
      "recall@10": 0.704,
      "zero_rate": 0.296
    },
    "dense": {
      "mean_ndcg@10": 0.6256219047276063,
      "mean_ndcg@10_ci_low": 0.6120526135852401,
      "mean_ndcg@10_ci_high": 0.6388420971807162,
      "precision@10": 0.07976666666666667,
      "recall@10": 0.7976666666666666,
      "zero_rate": 0.20233333333333334
    },
    "hybrid": {
      "mean_ndcg@10": 0.6249590702516066,
      "mean_ndcg@10_ci_low": 0.6111087244650694,
      "mean_ndcg@10_ci_high": 0.6381529346787967,
      "precision@10": 0.07973333333333332,
      "recall@10": 0.7973333333333333,
      "zero_rate": 0.20266666666666666
    },
    "hybrid_verified": {
      "mean_ndcg@10": 0.6989818625838485,
      "mean_ndcg@10_ci_low": 0.6853685482858599,
      "mean_ndcg@10_ci_high": 0.7114851782655414,
      "precision@10": 0.08586666666666667,
      "recall@10": 0.8586666666666667,
      "zero_rate": 0.14133333333333334
    }
  },
  "predictor": {
    "hybrid": {
      "rmse_raw": 0.3073755941678084,
      "mae_raw": 0.2258586698386955,
      "rmse_cal": 0.2998341940025552,
      "mae_cal": 0.23326111955938192,
      "pearson_raw": 0.6389070008123232,
      "pearson_cal": 0.6498200964261284,
      "spearman_raw": 0.5840179546686616,
      "spearman_cal": 0.5878459404273266,
      "pearson_raw_ci_low": 0.6132869721610003,
      "pearson_raw_ci_high": 0.6596290332041119,
      "pearson_cal_ci_low": 0.6252766743468349,
      "pearson_cal_ci_high": 0.6698390109906691,
      "spearman_raw_ci_low": 0.5763142301793589,
      "spearman_raw_ci_high": 0.6232947314883034,
      "spearman_cal_ci_low": 0.5816759153862128,
      "spearman_cal_ci_high": 0.6283490951943438
    },
    "sparse": {
      "rmse_raw": 0.2841894326098752,
      "mae_raw": 0.20268744600454258,
      "rmse_cal": 0.27882464458581874,
      "mae_cal": 0.20928321903740826,
      "pearson_raw": 0.7397690420746552,
      "pearson_cal": 0.747668017064458,
      "spearman_raw": 0.6912949492549944,
      "spearman_cal": 0.6962537169170796,
      "pearson_raw_ci_low": 0.720313661904648,
      "pearson_raw_ci_high": 0.7584503222753791,
      "pearson_cal_ci_low": 0.7283032207251405,
      "pearson_cal_ci_high": 0.766300685274947,
      "spearman_raw_ci_low": 0.6797839472204386,
      "spearman_raw_ci_high": 0.7177996639110735,
      "spearman_cal_ci_low": 0.6852576114397345,
      "spearman_cal_ci_high": 0.7226460979828995
    }
  },
  "routing": {
    "single": {
      "avg_cost": 6.281,
      "avg_ndcg@10_auto": 0.7208485004269051,
      "avg_ndcg@10_overall": 0.7208485004269051,
      "efficiency": 0.11476651813833866,
      "avg_cost_overall": 6.281,
      "efficiency_overall": 0.11476651813833866,
      "auto_ratio": 1.0,
      "crisis_ratio": 0.0,
      "human_review_ratio": 0.0
    },
    "dual": {
      "avg_cost": 5.503,
      "avg_ndcg@10_auto": 0.7431841106828009,
      "avg_ndcg@10_overall": 0.7431841106828009,
      "efficiency": 0.13505071973156477,
      "avg_cost_overall": 5.503,
      "efficiency_overall": 0.13505071973156477,
      "auto_ratio": 1.0,
      "crisis_ratio": 0.0,
      "human_review_ratio": 0.0
    },
    "always_sparse": {
      "avg_cost": 1.0,
      "avg_ndcg@10": 0.5455776263328269,
      "avg_ndcg@10_ci_low": 0.5315787531305572,
      "avg_ndcg@10_ci_high": 0.560507586400737,
      "efficiency": 0.5455776263328269,
      "auto_ratio": 1.0
    },
    "always_hybrid": {
      "avg_cost": 4.0,
      "avg_ndcg@10": 0.6249590702516066,
      "avg_ndcg@10_ci_low": 0.6111087244650694,
      "avg_ndcg@10_ci_high": 0.6381529346787967,
      "efficiency": 0.15623976756290164,
      "auto_ratio": 1.0
    },
    "always_hybrid_verified": {
      "avg_cost": 10.0,
      "avg_ndcg@10": 0.6989818625838485,
      "avg_ndcg@10_ci_low": 0.6853685482858599,
      "avg_ndcg@10_ci_high": 0.7114851782655414,
      "efficiency": 0.06989818625838486,
      "auto_ratio": 1.0
    }
  },
  "crisis": {
    "enabled": true,
    "user_country": "US",
    "crisis_outputs_json": null,
    "crisis_docs_count": 60
  },
  "routing_sweep": {},
  "baselines": {
    "SCQ": {
      "pearson": 0.2371483453958463,
      "pearson_ci_low": 0.2056751396100448,
      "pearson_ci_high": 0.2671671729579371,
      "spearman": 0.20353859683762185,
      "spearman_ci_low": 0.18875378490597608,
      "spearman_ci_high": 0.2560081192009021
    },
    "Clarity": {
      "pearson": 0.09664821089252128,
      "pearson_ci_low": 0.06016091837657111,
      "pearson_ci_high": 0.12939663478885838,
      "spearman": 0.06526450636272292,
      "spearman_ci_low": 0.045961193973465986,
      "spearman_ci_high": 0.11763386121487346
    },
    "WIG": {
      "pearson": -0.03200460376847455,
      "pearson_ci_low": -0.06871223073873264,
      "pearson_ci_high": 0.00394818878332615,
      "spearman": -0.013797636644181847,
      "spearman_ci_low": -0.038288663432073704,
      "spearman_ci_high": 0.03465742852860316
    },
    "NQC": {
      "pearson": 0.3926026312551482,
      "pearson_ci_low": 0.3694458705439606,
      "pearson_ci_high": 0.4170149129361507,
      "spearman": 0.48352963816995975,
      "spearman_ci_low": 0.4695862459651384,
      "spearman_ci_high": 0.5254219732802191
    },
    "NQC_2012": {
      "pearson": 0.39260263125798706,
      "pearson_ci_low": 0.3694458705472185,
      "pearson_ci_high": 0.41701491293867704,
      "spearman": 0.48352963816995975,
      "spearman_ci_low": 0.4695862459651384,
      "spearman_ci_high": 0.5254219732802191
    },
    "SMV_2006": {
      "pearson": 0.27131108319788755,
      "pearson_ci_low": 0.24823647307643312,
      "pearson_ci_high": 0.29529849250945606,
      "spearman": 0.3270320603368955,
      "spearman_ci_low": 0.3164946533660725,
      "spearman_ci_high": 0.3755810608423401
    },
    "RSD_2012": {
      "pearson": -0.17545895098869033,
      "pearson_ci_low": -0.20489737047074025,
      "pearson_ci_high": -0.145688980113009,
      "spearman": -0.3287965200885022,
      "spearman_ci_low": -0.37864181821575754,
      "spearman_ci_high": -0.3150944814327202
    },
    "QF_2007": {
      "pearson": 0.3204263804491846,
      "pearson_ci_low": 0.2920590573988446,
      "pearson_ci_high": 0.34820832117018735,
      "spearman": 0.3711343554593728,
      "spearman_ci_low": 0.3575711083412343,
      "spearman_ci_high": 0.4198856777095197
    },
    "AutoCorr_2010": {
      "pearson": -0.3653964465841601,
      "pearson_ci_low": -0.38868191831526394,
      "pearson_ci_high": -0.34050615503379394,
      "spearman": -0.3859544517727168,
      "spearman_ci_low": -0.4256714808746089,
      "spearman_ci_high": -0.3613945047993894
    },
    "NQCDIST_NQC_2017": {
      "pearson": 0.39260263125798706,
      "pearson_ci_low": 0.3694458705472185,
      "pearson_ci_high": 0.41701491293867704,
      "spearman": 0.48352963816995975,
      "spearman_ci_low": 0.4695862459651384,
      "spearman_ci_high": 0.5254219732802191
    },
    "NQCDIST_Skew_2017": {
      "pearson": 0.3106518219782925,
      "pearson_ci_low": 0.27972033565294596,
      "pearson_ci_high": 0.3411385357535518,