{
  "position_statement": "We study query performance prediction and adaptive routing in domain-specific information retrieval, using mental health as a challenging test case. Our focus is on predicting retrieval difficulty and optimizing cost-quality tradeoffs, not on clinical outcomes or therapeutic effectiveness.",
  "contributions": {
    "qpp": "Dual-predictor architecture with post-retrieval dispersion and complementarity features",
    "safety": "Integrates risk detection into routing decisions with crisis fallback",
    "calibration": "Global isotonic calibration for multi-tier retrieval systems",
    "dense_model_comparison": {},
    "efficiency": "Pareto-optimal threshold selection via grid search"
  },
  "retrieval": {
    "sparse": {
      "mean_ndcg@10": 0.31494382723716957,
      "mean_ndcg@10_ci_low": 0.29305932265976076,
      "mean_ndcg@10_ci_high": 0.33933903096839324,
      "precision@10": 0.08516542155816437,
      "recall@10": 0.3072294377845981,
      "zero_rate": 0.5080042689434365
    },
    "dense": {
      "mean_ndcg@10": 0.3963768847403919,
      "mean_ndcg@10_ci_low": 0.37074619071058507,
      "mean_ndcg@10_ci_high": 0.42194504022607626,
      "precision@10": 0.11440768409818572,
      "recall@10": 0.4098269424911635,
      "zero_rate": 0.40981856990394877
    },
    "hybrid": {
      "mean_ndcg@10": 0.4112865762072538,
      "mean_ndcg@10_ci_low": 0.386574720881399,
      "mean_ndcg@10_ci_high": 0.43689630587462025,
      "precision@10": 0.11483457844183567,
      "recall@10": 0.4216523808324978,
      "zero_rate": 0.3852721451440768
    },
    "hybrid_verified": {
      "mean_ndcg@10": 0.5376933962299623,
      "mean_ndcg@10_ci_low": 0.5104661031120964,
      "mean_ndcg@10_ci_high": 0.5637598505236769,
      "precision@10": 0.13895410885805765,
      "recall@10": 0.5149330173767823,
      "zero_rate": 0.30202774813233724
    }
  },
  "predictor": {
    "hybrid": {
      "rmse_raw": 0.3257505340252829,
      "mae_raw": 0.2619260640527778,
      "rmse_cal": 0.31538966275018115,
      "mae_cal": 0.2605523826146261,
      "pearson_raw": 0.5610720533588921,
      "pearson_cal": 0.5892984898458787,
      "spearman_raw": 0.5144350053595185,
      "spearman_cal": 0.525637203873557,
      "pearson_raw_ci_low": 0.5183843682860461,
      "pearson_raw_ci_high": 0.6063433433373396,
      "pearson_cal_ci_low": 0.5471461582653493,
      "pearson_cal_ci_high": 0.6328475516636916,
      "spearman_raw_ci_low": 0.4671096605704517,
      "spearman_raw_ci_high": 0.5669911843202277,
      "spearman_cal_ci_low": 0.48965312435033614,
      "spearman_cal_ci_high": 0.5854325919133619
    },
    "sparse": {
      "rmse_raw": 0.2669732529316358,
      "mae_raw": 0.19793083680858656,
      "rmse_cal": 0.2591774766702617,
      "mae_cal": 0.19913905919225497,
      "pearson_raw": 0.698485519816099,
      "pearson_cal": 0.7147228268760164,
      "spearman_raw": 0.5950366647534492,
      "spearman_cal": 0.5994492745556,
      "pearson_raw_ci_low": 0.6561685390033447,
      "pearson_raw_ci_high": 0.7383402459342084,
      "pearson_cal_ci_low": 0.6753717372385662,
      "pearson_cal_ci_high": 0.7534695622712146,
      "spearman_raw_ci_low": 0.5477864465042702,
      "spearman_raw_ci_high": 0.6403906820757999,
      "spearman_cal_ci_low": 0.5604415829130703,
      "spearman_cal_ci_high": 0.6488079976552437
    }
  },
  "routing": {
    "single": {
      "avg_cost": 7.554838709677419,
      "avg_ndcg@10_auto": 0.5497490269505771,
      "avg_ndcg@10_overall": 0.5456420438250126,
      "efficiency": 0.07276780459209177,
      "avg_cost_overall": 7.50213447171825,
      "efficiency_overall": 0.07273157337848166,
      "auto_ratio": 0.9925293489861259,
      "crisis_ratio": 0.007470651013874066,
      "human_review_ratio": 0.0
    },
    "dual": {
      "avg_cost": 6.874328678839957,
      "avg_ndcg@10_auto": 0.5709116471409522,
      "avg_ndcg@10_overall": 0.567255862847627,
      "efficiency": 0.0830498036700354,
      "avg_cost_overall": 6.833511205976521,
      "efficiency_overall": 0.08301089231426308,
      "auto_ratio": 0.9935965848452508,
      "crisis_ratio": 0.0064034151547491995,
      "human_review_ratio": 0.0
    },
    "always_sparse": {
      "avg_cost": 1.0,
      "avg_ndcg@10": 0.31494382723716957,
      "avg_ndcg@10_ci_low": 0.29305932265976076,
      "avg_ndcg@10_ci_high": 0.33933903096839324,
      "efficiency": 0.31494382723716957,
      "auto_ratio": 1.0
    },
    "always_hybrid": {
      "avg_cost": 4.0,
      "avg_ndcg@10": 0.4112865762072538,
      "avg_ndcg@10_ci_low": 0.386574720881399,
      "avg_ndcg@10_ci_high": 0.43689630587462025,
      "efficiency": 0.10282164405181345,
      "auto_ratio": 1.0
    },
    "always_hybrid_verified": {
      "avg_cost": 10.0,
      "avg_ndcg@10": 0.5376933962299623,
      "avg_ndcg@10_ci_low": 0.5104661031120964,
      "avg_ndcg@10_ci_high": 0.5637598505236769,
      "efficiency": 0.05376933962299622,
      "auto_ratio": 1.0
    }
  },
  "crisis": {
    "enabled": true,
    "user_country": "US",
    "crisis_outputs_json": "paper_experiments/runs/exp4_sentence_chunks/crisis_fallbacks.json",
    "crisis_docs_count": 60
  },
  "routing_sweep": {},
  "baselines": {
    "SCQ": {
      "pearson": 0.14802002530504932,
      "pearson_ci_low": 0.08067648893313109,
      "pearson_ci_high": 0.21653006431529584,
      "spearman": 0.12429500789063704,
      "spearman_ci_low": 0.08409268570887109,
      "spearman_ci_high": 0.21011033304107024
    },
    "Clarity": {
      "pearson": 0.15964517941906028,
      "pearson_ci_low": 0.09501604841586353,
      "pearson_ci_high": 0.2232771023205021,
      "spearman": 0.14684594490341638,
      "spearman_ci_low": 0.0900904731243101,
      "spearman_ci_high": 0.21377548608360272
    },
    "WIG": {
      "pearson": -0.12386818680985694,
      "pearson_ci_low": -0.1895455713834211,
      "pearson_ci_high": -0.05592385630764038,
      "spearman": -0.1631798289796984,
      "spearman_ci_low": -0.21405400395199933,
      "spearman_ci_high": -0.09040149461448785
    },
    "NQC": {
      "pearson": 0.4130689234407328,
      "pearson_ci_low": 0.36842266240924204,
      "pearson_ci_high": 0.45402200206957144,
      "spearman": 0.394065682004324,
      "spearman_ci_low": 0.33912273304277407,
      "spearman_ci_high": 0.44896419817830646
    },
    "NQC_2012": {
      "pearson": 0.41306892344280866,
      "pearson_ci_low": 0.36842266241152605,
      "pearson_ci_high": 0.4540220020721513,
      "spearman": 0.394065682004324,
      "spearman_ci_low": 0.33912273304277407,
      "spearman_ci_high": 0.44896419817830646
    },
    "SMV_2006": {
      "pearson": 0.057230786799863625,
      "pearson_ci_low": -0.011647658366427846,
      "pearson_ci_high": 0.12438753681382511,
      "spearman": 0.01590858845673354,
      "spearman_ci_low": -0.03722606825256597,
      "spearman_ci_high": 0.08928972896491892
    },
    "RSD_2012": {
      "pearson": -0.33162878852503447,
      "pearson_ci_low": -0.37751172718159914,
      "pearson_ci_high": -0.29137599650403173,
      "spearman": -0.3685142928560314,
      "spearman_ci_low": -0.4231690389777689,
      "spearman_ci_high": -0.3188538368386527
    },
    "QF_2007": {
      "pearson": 0.3928782506902086,
      "pearson_ci_low": 0.34736431123780337,
      "pearson_ci_high": 0.4384322707194982,
      "spearman": 0.3793647428939486,
      "spearman_ci_low": 0.3293630106997237,
      "spearman_ci_high": 0.43542393750634173
    },
    "AutoCorr_2010": {
      "pearson": -0.3282758577156643,
      "pearson_ci_low": -0.37999813630916407,
      "pearson_ci_high": -0.2713859328684585,
      "spearman": -0.28558085935154703,
      "spearman_ci_low": -0.3423831878961182,
      "spearman_ci_high": -0.2169279956982653
    },
    "NQCDIST_NQC_2017": {
      "pearson": 0.41306892344280866,
      "pearson_ci_low": 0.36842266241152605,
      "pearson_ci_high": 0.4540220020721513,
      "spearman": 0.394065682004324,